ActionGeo_CountryCode,MonthYear,EventBaseCode,eventcount,tonecount,goldstein
JU,201011,010,4,23.33226385661116,0.0
JU,201011,051,7,42.36598558827956,23.799999999999997
